x,T_7,T_30,T_365
0.0,30.0,30.0,30.0
0.005,29.970000000000027,29.99000000000001,30.0
0.01,29.950000000000045,29.980000000000018,29.99000000000001
0.015,29.920000000000016,29.970000000000027,29.99000000000001
0.02,29.890000000000043,29.950000000000045,29.99000000000001
0.025,29.860000000000014,29.939999999999998,29.99000000000001
0.03,29.83000000000004,29.930000000000007,29.980000000000018
0.035,29.80000000000001,29.910000000000025,29.980000000000018
0.04,29.77000000000004,29.900000000000034,29.980000000000018
0.045,29.730000000000018,29.890000000000043,29.970000000000027
0.05,29.700000000000045,29.870000000000005,29.970000000000027
0.055,29.670000000000016,29.860000000000014,29.970000000000027
0.06,29.629999999999995,29.840000000000032,29.960000000000036
0.065,29.600000000000023,29.83000000000004,29.960000000000036
0.07,29.560000000000002,29.810000000000002,29.960000000000036
0.075,29.53000000000003,29.80000000000001,29.950000000000045
0.08,29.49000000000001,29.78000000000003,29.950000000000045
0.085,29.460000000000036,29.77000000000004,29.939999999999998
0.09,29.420000000000016,29.75,29.939999999999998
0.095,29.390000000000043,29.74000000000001,29.939999999999998
0.1,29.360000000000014,29.720000000000027,29.930000000000007
0.105,29.32000000000005,29.710000000000036,29.930000000000007
0.11,29.29000000000002,29.689999999999998,29.930000000000007
0.115,29.25,29.680000000000007,29.920000000000016
0.12,29.220000000000027,29.660000000000025,29.920000000000016
0.125,29.180000000000007,29.650000000000034,29.920000000000016
0.13,29.150000000000034,29.629999999999995,29.910000000000025
0.135,29.110000000000014,29.610000000000014,29.910000000000025
0.14,29.08000000000004,29.600000000000023,29.900000000000034
0.145,29.04000000000002,29.58000000000004,29.900000000000034
0.15,29.010000000000048,29.57000000000005,29.900000000000034
0.155,28.970000000000027,29.55000000000001,29.890000000000043
0.16,28.939999999999998,29.53000000000003,29.890000000000043
0.165,28.900000000000034,29.52000000000004,29.879999999999995
0.17,28.870000000000005,29.5,29.879999999999995
0.175,28.83000000000004,29.49000000000001,29.879999999999995
0.18,28.80000000000001,29.470000000000027,29.870000000000005
0.185,28.760000000000048,29.450000000000045,29.870000000000005
0.19,28.730000000000018,29.439999999999998,29.870000000000005
0.195,28.689999999999998,29.420000000000016,29.860000000000014
0.2,28.660000000000025,29.410000000000025,29.860000000000014
0.205,28.620000000000005,29.390000000000043,29.850000000000023
0.21,28.590000000000032,29.370000000000005,29.850000000000023
0.215,28.560000000000002,29.360000000000014,29.850000000000023
0.22,28.52000000000004,29.340000000000032,29.840000000000032
0.225,28.49000000000001,29.33000000000004,29.840000000000032
0.23,28.450000000000045,29.310000000000002,29.83000000000004
0.235,28.420000000000016,29.29000000000002,29.83000000000004
0.24,28.379999999999995,29.28000000000003,29.83000000000004
0.245,28.350000000000023,29.260000000000048,29.82000000000005
0.25,28.310000000000002,29.24000000000001,29.82000000000005
0.255,28.28000000000003,29.230000000000018,29.810000000000002
0.26,28.25,29.210000000000036,29.810000000000002
0.265,28.210000000000036,29.200000000000045,29.810000000000002
0.27,28.180000000000007,29.180000000000007,29.80000000000001
0.275,28.140000000000043,29.160000000000025,29.80000000000001
0.28,28.110000000000014,29.150000000000034,29.79000000000002
0.285,28.08000000000004,29.129999999999995,29.79000000000002
0.29,28.04000000000002,29.120000000000005,29.78000000000003
0.295,28.010000000000048,29.100000000000023,29.78000000000003
0.3,27.970000000000027,29.08000000000004,29.78000000000003
0.305,27.939999999999998,29.07000000000005,29.77000000000004
0.31,27.910000000000025,29.05000000000001,29.77000000000004
0.315,27.870000000000005,29.03000000000003,29.760000000000048
0.32,27.840000000000032,29.02000000000004,29.760000000000048
0.325,27.80000000000001,29.0,29.760000000000048
0.33,27.77000000000004,28.99000000000001,29.75
0.335,27.74000000000001,28.970000000000027,29.75
0.34,27.700000000000045,28.950000000000045,29.74000000000001
0.345,27.670000000000016,28.939999999999998,29.74000000000001
0.35,27.640000000000043,28.920000000000016,29.730000000000018
0.355,27.600000000000023,28.910000000000025,29.730000000000018
0.36,27.57000000000005,28.890000000000043,29.730000000000018
0.365,27.54000000000002,28.870000000000005,29.720000000000027
0.37,27.5,28.860000000000014,29.720000000000027
0.375,27.470000000000027,28.840000000000032,29.710000000000036
0.38,27.439999999999998,28.83000000000004,29.710000000000036
0.385,27.400000000000034,28.810000000000002,29.710000000000036
0.39,27.370000000000005,28.79000000000002,29.700000000000045
0.395,27.340000000000032,28.78000000000003,29.700000000000045
0.4,27.310000000000002,28.760000000000048,29.689999999999998
0.405,27.27000000000004,28.74000000000001,29.689999999999998
0.41,27.24000000000001,28.730000000000018,29.680000000000007
0.415,27.210000000000036,28.710000000000036,29.680000000000007
0.42,27.170000000000016,28.700000000000045,29.680000000000007
0.425,27.140000000000043,28.680000000000007,29.670000000000016
0.43,27.110000000000014,28.660000000000025,29.670000000000016
0.435,27.08000000000004,28.650000000000034,29.660000000000025
0.44,27.04000000000002,28.629999999999995,29.660000000000025
0.445,27.010000000000048,28.620000000000005,29.650000000000034
0.45,26.980000000000018,28.600000000000023,29.650000000000034
0.455,26.950000000000045,28.58000000000004,29.650000000000034
0.46,26.910000000000025,28.57000000000005,29.640000000000043
0.465,26.879999999999995,28.55000000000001,29.640000000000043
0.47,26.850000000000023,28.54000000000002,29.629999999999995
0.475,26.82000000000005,28.52000000000004,29.629999999999995
0.48,26.79000000000002,28.5,29.620000000000005
0.485,26.75,28.49000000000001,29.620000000000005
0.49,26.720000000000027,28.470000000000027,29.620000000000005
0.495,26.689999999999998,28.460000000000036,29.610000000000014
0.5,26.660000000000025,28.439999999999998,29.610000000000014
0.505,26.629999999999995,28.430000000000007,29.600000000000023
0.51,26.590000000000032,28.410000000000025,29.600000000000023
0.515,26.560000000000002,28.390000000000043,29.590000000000032
0.52,26.53000000000003,28.379999999999995,29.590000000000032
0.525,26.5,28.360000000000014,29.58000000000004
0.53,26.470000000000027,28.350000000000023,29.58000000000004
0.535,26.439999999999998,28.33000000000004,29.58000000000004
0.54,26.410000000000025,28.310000000000002,29.57000000000005
0.545,26.370000000000005,28.30000000000001,29.57000000000005
0.55,26.340000000000032,28.28000000000003,29.560000000000002
0.555,26.310000000000002,28.27000000000004,29.560000000000002
0.56,26.28000000000003,28.25,29.55000000000001
0.565,26.25,28.230000000000018,29.55000000000001
0.57,26.220000000000027,28.220000000000027,29.55000000000001
0.575,26.189999999999998,28.200000000000045,29.54000000000002
0.58,26.160000000000025,28.189999999999998,29.54000000000002
0.585,26.129999999999995,28.170000000000016,29.53000000000003
0.59,26.100000000000023,28.160000000000025,29.53000000000003
0.595,26.07000000000005,28.140000000000043,29.52000000000004
0.6,26.04000000000002,28.120000000000005,29.52000000000004
0.605,26.010000000000048,28.110000000000014,29.52000000000004
0.61,25.980000000000018,28.090000000000032,29.510000000000048
0.615,25.950000000000045,28.08000000000004,29.510000000000048
0.62,25.920000000000016,28.060000000000002,29.5
0.625,25.879999999999995,28.05000000000001,29.5
0.63,25.860000000000014,28.03000000000003,29.49000000000001
0.635,25.83000000000004,28.010000000000048,29.49000000000001
0.64,25.80000000000001,28.0,29.480000000000018
0.645,25.77000000000004,27.980000000000018,29.480000000000018
0.65,25.74000000000001,27.970000000000027,29.480000000000018
0.655,25.710000000000036,27.950000000000045,29.470000000000027
0.66,25.680000000000007,27.939999999999998,29.470000000000027
0.665,25.650000000000034,27.920000000000016,29.460000000000036
0.67,25.620000000000005,27.900000000000034,29.460000000000036
0.675,25.590000000000032,27.890000000000043,29.450000000000045
0.68,25.560000000000002,27.870000000000005,29.450000000000045
0.685,25.53000000000003,27.860000000000014,29.450000000000045
0.69,25.5,27.840000000000032,29.439999999999998
0.695,25.470000000000027,27.83000000000004,29.439999999999998
0.7,25.439999999999998,27.810000000000002,29.430000000000007
0.705,25.410000000000025,27.79000000000002,29.430000000000007
0.71,25.390000000000043,27.78000000000003,29.420000000000016
0.715,25.360000000000014,27.760000000000048,29.420000000000016
0.72,25.33000000000004,27.75,29.410000000000025
0.725,25.30000000000001,27.730000000000018,29.410000000000025
0.73,25.27000000000004,27.720000000000027,29.410000000000025
0.735,25.24000000000001,27.700000000000045,29.400000000000034
0.74,25.220000000000027,27.689999999999998,29.400000000000034
0.745,25.189999999999998,27.670000000000016,29.390000000000043
0.75,25.160000000000025,27.650000000000034,29.390000000000043
0.755,25.129999999999995,27.640000000000043,29.379999999999995
0.76,25.100000000000023,27.620000000000005,29.379999999999995
0.765,25.08000000000004,27.610000000000014,29.370000000000005
0.77,25.05000000000001,27.590000000000032,29.370000000000005
0.775,25.02000000000004,27.58000000000004,29.370000000000005
0.78,24.99000000000001,27.560000000000002,29.360000000000014
0.785,24.960000000000036,27.55000000000001,29.360000000000014
0.79,24.939999999999998,27.53000000000003,29.350000000000023
0.795,24.910000000000025,27.52000000000004,29.350000000000023
0.8,24.879999999999995,27.5,29.340000000000032
0.805,24.860000000000014,27.480000000000018,29.340000000000032
0.81,24.83000000000004,27.470000000000027,29.340000000000032
0.815,24.80000000000001,27.450000000000045,29.33000000000004
0.82,24.78000000000003,27.439999999999998,29.33000000000004
0.825,24.75,27.420000000000016,29.32000000000005
0.83,24.720000000000027,27.410000000000025,29.32000000000005
0.835,24.689999999999998,27.390000000000043,29.310000000000002
0.84,24.670000000000016,27.379999999999995,29.310000000000002
0.845,24.640000000000043,27.360000000000014,29.30000000000001
0.85,24.620000000000005,27.350000000000023,29.30000000000001
0.855,24.590000000000032,27.33000000000004,29.30000000000001
0.86,24.560000000000002,27.32000000000005,29.29000000000002
0.865,24.54000000000002,27.30000000000001,29.29000000000002
0.87,24.510000000000048,27.29000000000002,29.28000000000003
0.875,24.49000000000001,27.27000000000004,29.28000000000003
0.88,24.460000000000036,27.25,29.27000000000004
0.885,24.430000000000007,27.24000000000001,29.27000000000004
0.89,24.410000000000025,27.220000000000027,29.260000000000048
0.895,24.379999999999995,27.210000000000036,29.260000000000048
0.9,24.360000000000014,27.189999999999998,29.260000000000048
0.905,24.33000000000004,27.180000000000007,29.25
0.91,24.310000000000002,27.160000000000025,29.25
0.915,24.28000000000003,27.150000000000034,29.24000000000001
0.92,24.260000000000048,27.129999999999995,29.24000000000001
0.925,24.230000000000018,27.120000000000005,29.230000000000018
0.93,24.210000000000036,27.100000000000023,29.230000000000018
0.935,24.180000000000007,27.090000000000032,29.230000000000018
0.94,24.160000000000025,27.07000000000005,29.220000000000027
0.945,24.129999999999995,27.060000000000002,29.220000000000027
0.95,24.110000000000014,27.04000000000002,29.210000000000036
0.955,24.08000000000004,27.03000000000003,29.210000000000036
0.96,24.060000000000002,27.010000000000048,29.200000000000045
0.965,24.03000000000003,27.0,29.200000000000045
0.97,24.010000000000048,26.980000000000018,29.189999999999998
0.975,23.99000000000001,26.970000000000027,29.189999999999998
0.98,23.960000000000036,26.950000000000045,29.189999999999998
0.985,23.939999999999998,26.939999999999998,29.180000000000007
0.99,23.910000000000025,26.920000000000016,29.180000000000007
0.995,23.890000000000043,26.910000000000025,29.170000000000016
1.0,23.870000000000005,26.890000000000043,29.170000000000016
1.005,23.840000000000032,26.879999999999995,29.160000000000025
1.01,23.82000000000005,26.860000000000014,29.160000000000025
1.015,23.80000000000001,26.850000000000023,29.150000000000034
1.02,23.77000000000004,26.83000000000004,29.150000000000034
1.025,23.75,26.82000000000005,29.150000000000034
1.03,23.730000000000018,26.80000000000001,29.140000000000043
1.035,23.700000000000045,26.79000000000002,29.140000000000043
1.04,23.680000000000007,26.77000000000004,29.129999999999995
1.045,23.660000000000025,26.760000000000048,29.129999999999995
1.05,23.640000000000043,26.74000000000001,29.120000000000005
1.055,23.610000000000014,26.730000000000018,29.120000000000005
1.06,23.590000000000032,26.710000000000036,29.120000000000005
1.065,23.57000000000005,26.700000000000045,29.110000000000014
1.07,23.55000000000001,26.680000000000007,29.110000000000014
1.075,23.52000000000004,26.670000000000016,29.100000000000023
1.08,23.5,26.650000000000034,29.100000000000023
1.085,23.480000000000018,26.640000000000043,29.090000000000032
1.09,23.460000000000036,26.629999999999995,29.090000000000032
1.095,23.439999999999998,26.610000000000014,29.08000000000004
1.1,23.410000000000025,26.600000000000023,29.08000000000004
1.105,23.390000000000043,26.58000000000004,29.08000000000004
1.11,23.370000000000005,26.57000000000005,29.07000000000005
1.115,23.350000000000023,26.55000000000001,29.07000000000005
1.12,23.33000000000004,26.54000000000002,29.060000000000002
1.125,23.310000000000002,26.52000000000004,29.060000000000002
1.13,23.29000000000002,26.510000000000048,29.05000000000001
1.135,23.260000000000048,26.49000000000001,29.05000000000001
1.14,23.24000000000001,26.480000000000018,29.05000000000001
1.145,23.220000000000027,26.460000000000036,29.04000000000002
1.15,23.200000000000045,26.450000000000045,29.04000000000002
1.155,23.180000000000007,26.430000000000007,29.03000000000003
1.16,23.160000000000025,26.420000000000016,29.03000000000003
1.165,23.140000000000043,26.410000000000025,29.02000000000004
1.17,23.120000000000005,26.390000000000043,29.02000000000004
1.175,23.100000000000023,26.379999999999995,29.010000000000048
1.18,23.08000000000004,26.360000000000014,29.010000000000048
1.185,23.060000000000002,26.350000000000023,29.010000000000048
1.19,23.04000000000002,26.33000000000004,29.0
1.195,23.02000000000004,26.32000000000005,29.0
1.2,23.0,26.30000000000001,28.99000000000001
1.205,22.980000000000018,26.29000000000002,28.99000000000001
1.21,22.960000000000036,26.28000000000003,28.980000000000018
1.215,22.939999999999998,26.260000000000048,28.980000000000018
1.22,22.920000000000016,26.25,28.970000000000027
1.225,22.900000000000034,26.230000000000018,28.970000000000027
1.23,22.879999999999995,26.220000000000027,28.970000000000027
1.235,22.860000000000014,26.200000000000045,28.960000000000036
1.24,22.840000000000032,26.189999999999998,28.960000000000036
1.245,22.82000000000005,26.180000000000007,28.950000000000045
1.25,22.80000000000001,26.160000000000025,28.950000000000045
1.255,22.79000000000002,26.150000000000034,28.939999999999998
1.26,22.77000000000004,26.129999999999995,28.939999999999998
1.265,22.75,26.120000000000005,28.939999999999998
1.27,22.730000000000018,26.100000000000023,28.930000000000007
1.275,22.710000000000036,26.090000000000032,28.930000000000007
1.28,22.689999999999998,26.08000000000004,28.920000000000016
1.285,22.670000000000016,26.060000000000002,28.920000000000016
1.29,22.660000000000025,26.05000000000001,28.910000000000025
1.295,22.640000000000043,26.03000000000003,28.910000000000025
1.3,22.620000000000005,26.02000000000004,28.900000000000034
1.305,22.600000000000023,26.010000000000048,28.900000000000034
1.31,22.58000000000004,25.99000000000001,28.900000000000034
1.315,22.57000000000005,25.980000000000018,28.890000000000043
1.32,22.55000000000001,25.960000000000036,28.890000000000043
1.325,22.53000000000003,25.950000000000045,28.879999999999995
1.33,22.510000000000048,25.930000000000007,28.879999999999995
1.335,22.5,25.920000000000016,28.870000000000005
1.34,22.480000000000018,25.910000000000025,28.870000000000005
1.345,22.460000000000036,25.890000000000043,28.870000000000005
1.35,22.439999999999998,25.879999999999995,28.860000000000014
1.355,22.430000000000007,25.860000000000014,28.860000000000014
1.36,22.410000000000025,25.850000000000023,28.850000000000023
1.365,22.390000000000043,25.840000000000032,28.850000000000023
1.37,22.379999999999995,25.82000000000005,28.840000000000032
1.375,22.360000000000014,25.810000000000002,28.840000000000032
1.38,22.340000000000032,25.80000000000001,28.83000000000004
1.385,22.33000000000004,25.78000000000003,28.83000000000004
1.39,22.310000000000002,25.77000000000004,28.83000000000004
1.395,22.29000000000002,25.75,28.82000000000005
1.4,22.28000000000003,25.74000000000001,28.82000000000005
1.405,22.260000000000048,25.730000000000018,28.810000000000002
1.41,22.24000000000001,25.710000000000036,28.810000000000002
1.415,22.230000000000018,25.700000000000045,28.80000000000001
1.42,22.210000000000036,25.680000000000007,28.80000000000001
1.425,22.200000000000045,25.670000000000016,28.80000000000001
1.43,22.180000000000007,25.660000000000025,28.79000000000002
1.435,22.160000000000025,25.640000000000043,28.79000000000002
1.44,22.150000000000034,25.629999999999995,28.78000000000003
1.445,22.129999999999995,25.620000000000005,28.78000000000003
1.45,22.120000000000005,25.600000000000023,28.77000000000004
1.455,22.100000000000023,25.590000000000032,28.77000000000004
1.46,22.090000000000032,25.58000000000004,28.77000000000004
1.465,22.07000000000005,25.560000000000002,28.760000000000048
1.47,22.060000000000002,25.55000000000001,28.760000000000048
1.475,22.04000000000002,25.53000000000003,28.75
1.48,22.03000000000003,25.52000000000004,28.75
1.485,22.010000000000048,25.510000000000048,28.74000000000001
1.49,22.0,25.49000000000001,28.74000000000001
1.495,21.980000000000018,25.480000000000018,28.730000000000018
1.5,21.970000000000027,25.470000000000027,28.730000000000018
1.505,21.950000000000045,25.450000000000045,28.730000000000018
1.51,21.939999999999998,25.439999999999998,28.720000000000027
1.515,21.930000000000007,25.430000000000007,28.720000000000027
1.52,21.910000000000025,25.410000000000025,28.710000000000036
1.525,21.900000000000034,25.400000000000034,28.710000000000036
1.53,21.879999999999995,25.390000000000043,28.700000000000045
1.535,21.870000000000005,25.370000000000005,28.700000000000045
1.54,21.850000000000023,25.360000000000014,28.700000000000045
1.545,21.840000000000032,25.350000000000023,28.689999999999998
1.55,21.83000000000004,25.33000000000004,28.689999999999998
1.555,21.810000000000002,25.32000000000005,28.680000000000007
1.56,21.80000000000001,25.310000000000002,28.680000000000007
1.565,21.79000000000002,25.29000000000002,28.670000000000016
1.57,21.77000000000004,25.28000000000003,28.670000000000016
1.575,21.760000000000048,25.27000000000004,28.670000000000016
1.58,21.75,25.25,28.660000000000025
1.585,21.730000000000018,25.24000000000001,28.660000000000025
1.59,21.720000000000027,25.230000000000018,28.650000000000034
1.595,21.710000000000036,25.210000000000036,28.650000000000034
1.6,21.689999999999998,25.200000000000045,28.640000000000043
1.605,21.680000000000007,25.189999999999998,28.640000000000043
1.61,21.670000000000016,25.170000000000016,28.629999999999995
1.615,21.650000000000034,25.160000000000025,28.629999999999995
1.62,21.640000000000043,25.150000000000034,28.629999999999995
1.625,21.629999999999995,25.140000000000043,28.620000000000005
1.63,21.620000000000005,25.120000000000005,28.620000000000005
1.635,21.600000000000023,25.110000000000014,28.610000000000014
1.64,21.590000000000032,25.100000000000023,28.610000000000014
1.645,21.58000000000004,25.08000000000004,28.600000000000023
1.65,21.57000000000005,25.07000000000005,28.600000000000023
1.655,21.560000000000002,25.060000000000002,28.600000000000023
1.66,21.54000000000002,25.04000000000002,28.590000000000032
1.665,21.53000000000003,25.03000000000003,28.590000000000032
1.67,21.52000000000004,25.02000000000004,28.58000000000004
1.675,21.510000000000048,25.010000000000048,28.58000000000004
1.68,21.5,24.99000000000001,28.57000000000005
1.685,21.480000000000018,24.980000000000018,28.57000000000005
1.69,21.470000000000027,24.970000000000027,28.57000000000005
1.695,21.460000000000036,24.950000000000045,28.560000000000002
1.7,21.450000000000045,24.939999999999998,28.560000000000002
1.705,21.439999999999998,24.930000000000007,28.55000000000001
1.71,21.430000000000007,24.920000000000016,28.55000000000001
1.715,21.420000000000016,24.900000000000034,28.54000000000002
1.72,21.400000000000034,24.890000000000043,28.54000000000002
1.725,21.390000000000043,24.879999999999995,28.54000000000002
1.73,21.379999999999995,24.870000000000005,28.53000000000003
1.735,21.370000000000005,24.850000000000023,28.53000000000003
1.74,21.360000000000014,24.840000000000032,28.52000000000004
1.745,21.350000000000023,24.83000000000004,28.52000000000004
1.75,21.340000000000032,24.82000000000005,28.510000000000048
1.755,21.33000000000004,24.80000000000001,28.510000000000048
1.76,21.32000000000005,24.79000000000002,28.510000000000048
1.765,21.310000000000002,24.78000000000003,28.5
1.77,21.30000000000001,24.760000000000048,28.5
1.775,21.29000000000002,24.75,28.49000000000001
1.78,21.27000000000004,24.74000000000001,28.49000000000001
1.785,21.260000000000048,24.730000000000018,28.480000000000018
1.79,21.25,24.710000000000036,28.480000000000018
1.795,21.24000000000001,24.700000000000045,28.470000000000027
1.8,21.230000000000018,24.689999999999998,28.470000000000027
1.805,21.220000000000027,24.680000000000007,28.470000000000027
1.81,21.210000000000036,24.670000000000016,28.460000000000036
1.815,21.200000000000045,24.650000000000034,28.460000000000036
1.82,21.189999999999998,24.640000000000043,28.450000000000045
1.825,21.180000000000007,24.629999999999995,28.450000000000045
1.83,21.170000000000016,24.620000000000005,28.439999999999998
1.835,21.170000000000016,24.600000000000023,28.439999999999998
1.84,21.160000000000025,24.590000000000032,28.439999999999998
1.845,21.150000000000034,24.58000000000004,28.430000000000007
1.85,21.140000000000043,24.57000000000005,28.430000000000007
1.855,21.129999999999995,24.55000000000001,28.420000000000016
1.86,21.120000000000005,24.54000000000002,28.420000000000016
1.865,21.110000000000014,24.53000000000003,28.410000000000025
1.87,21.100000000000023,24.52000000000004,28.410000000000025
1.875,21.090000000000032,24.510000000000048,28.410000000000025
1.88,21.08000000000004,24.49000000000001,28.400000000000034
1.885,21.07000000000005,24.480000000000018,28.400000000000034
1.89,21.060000000000002,24.470000000000027,28.390000000000043
1.895,21.05000000000001,24.460000000000036,28.390000000000043
1.9,21.05000000000001,24.450000000000045,28.379999999999995
1.905,21.04000000000002,24.430000000000007,28.379999999999995
1.91,21.03000000000003,24.420000000000016,28.379999999999995
1.915,21.02000000000004,24.410000000000025,28.370000000000005
1.92,21.010000000000048,24.400000000000034,28.370000000000005
1.925,21.0,24.390000000000043,28.360000000000014
1.93,20.99000000000001,24.370000000000005,28.360000000000014
1.935,20.99000000000001,24.360000000000014,28.350000000000023
1.94,20.980000000000018,24.350000000000023,28.350000000000023
1.945,20.970000000000027,24.340000000000032,28.350000000000023
1.95,20.960000000000036,24.33000000000004,28.340000000000032
1.955,20.950000000000045,24.310000000000002,28.340000000000032
1.96,20.939999999999998,24.30000000000001,28.33000000000004
1.965,20.939999999999998,24.29000000000002,28.33000000000004
1.97,20.930000000000007,24.28000000000003,28.32000000000005
1.975,20.920000000000016,24.27000000000004,28.32000000000005
1.98,20.910000000000025,24.260000000000048,28.32000000000005
1.985,20.910000000000025,24.24000000000001,28.310000000000002
1.99,20.900000000000034,24.230000000000018,28.310000000000002
1.995,20.890000000000043,24.220000000000027,28.30000000000001
2.0,20.879999999999995,24.210000000000036,28.30000000000001
2.005,20.870000000000005,24.200000000000045,28.29000000000002
2.01,20.870000000000005,24.189999999999998,28.29000000000002
2.015,20.860000000000014,24.170000000000016,28.29000000000002
2.02,20.850000000000023,24.160000000000025,28.28000000000003
2.025,20.840000000000032,24.150000000000034,28.28000000000003
2.03,20.840000000000032,24.140000000000043,28.27000000000004
2.035,20.83000000000004,24.129999999999995,28.27000000000004
2.04,20.82000000000005,24.120000000000005,28.260000000000048
2.045,20.82000000000005,24.100000000000023,28.260000000000048
2.05,20.810000000000002,24.090000000000032,28.260000000000048
2.055,20.80000000000001,24.08000000000004,28.25
2.06,20.79000000000002,24.07000000000005,28.25
2.065,20.79000000000002,24.060000000000002,28.24000000000001
2.07,20.78000000000003,24.05000000000001,28.24000000000001
2.075,20.77000000000004,24.04000000000002,28.230000000000018
2.08,20.77000000000004,24.02000000000004,28.230000000000018
2.085,20.760000000000048,24.010000000000048,28.230000000000018
2.09,20.75,24.0,28.220000000000027
2.095,20.75,23.99000000000001,28.220000000000027
2.1,20.74000000000001,23.980000000000018,28.210000000000036
2.105,20.730000000000018,23.970000000000027,28.210000000000036
2.11,20.730000000000018,23.960000000000036,28.200000000000045
2.115,20.720000000000027,23.950000000000045,28.200000000000045
2.12,20.710000000000036,23.930000000000007,28.200000000000045
2.125,20.710000000000036,23.920000000000016,28.189999999999998
2.13,20.700000000000045,23.910000000000025,28.189999999999998
2.135,20.700000000000045,23.900000000000034,28.180000000000007
2.14,20.689999999999998,23.890000000000043,28.180000000000007
2.145,20.680000000000007,23.879999999999995,28.170000000000016
2.15,20.680000000000007,23.870000000000005,28.170000000000016
2.155,20.670000000000016,23.860000000000014,28.170000000000016
2.16,20.670000000000016,23.850000000000023,28.160000000000025
2.165,20.660000000000025,23.83000000000004,28.160000000000025
2.17,20.650000000000034,23.82000000000005,28.150000000000034
2.175,20.650000000000034,23.810000000000002,28.150000000000034
2.18,20.640000000000043,23.80000000000001,28.150000000000034
2.185,20.640000000000043,23.79000000000002,28.140000000000043
2.19,20.629999999999995,23.78000000000003,28.140000000000043
2.195,20.620000000000005,23.77000000000004,28.129999999999995
2.2,20.620000000000005,23.760000000000048,28.129999999999995
2.205,20.610000000000014,23.75,28.120000000000005
2.21,20.610000000000014,23.74000000000001,28.120000000000005
2.215,20.600000000000023,23.730000000000018,28.120000000000005
2.22,20.600000000000023,23.710000000000036,28.110000000000014
2.225,20.590000000000032,23.700000000000045,28.110000000000014
2.23,20.590000000000032,23.689999999999998,28.100000000000023
2.235,20.58000000000004,23.680000000000007,28.100000000000023
2.24,20.57000000000005,23.670000000000016,28.090000000000032
2.245,20.57000000000005,23.660000000000025,28.090000000000032
2.25,20.560000000000002,23.650000000000034,28.090000000000032
2.255,20.560000000000002,23.640000000000043,28.08000000000004
2.26,20.55000000000001,23.629999999999995,28.08000000000004
2.265,20.55000000000001,23.620000000000005,28.07000000000005
2.27,20.54000000000002,23.610000000000014,28.07000000000005
2.275,20.54000000000002,23.600000000000023,28.060000000000002
2.28,20.53000000000003,23.590000000000032,28.060000000000002
2.285,20.53000000000003,23.58000000000004,28.060000000000002
2.29,20.52000000000004,23.57000000000005,28.05000000000001
2.295,20.52000000000004,23.55000000000001,28.05000000000001
2.3,20.510000000000048,23.54000000000002,28.04000000000002
2.305,20.510000000000048,23.53000000000003,28.04000000000002
2.31,20.5,23.52000000000004,28.03000000000003
2.315,20.5,23.510000000000048,28.03000000000003
2.32,20.5,23.5,28.03000000000003
2.325,20.49000000000001,23.49000000000001,28.02000000000004
2.33,20.49000000000001,23.480000000000018,28.02000000000004
2.335,20.480000000000018,23.470000000000027,28.010000000000048
2.34,20.480000000000018,23.460000000000036,28.010000000000048
2.345,20.470000000000027,23.450000000000045,28.010000000000048
2.35,20.470000000000027,23.439999999999998,28.0
2.355,20.460000000000036,23.430000000000007,28.0
2.36,20.460000000000036,23.420000000000016,27.99000000000001
2.365,20.460000000000036,23.410000000000025,27.99000000000001
2.37,20.450000000000045,23.400000000000034,27.980000000000018
2.375,20.450000000000045,23.390000000000043,27.980000000000018
2.38,20.439999999999998,23.379999999999995,27.980000000000018
2.385,20.439999999999998,23.370000000000005,27.970000000000027
2.39,20.430000000000007,23.360000000000014,27.970000000000027
2.395,20.430000000000007,23.350000000000023,27.960000000000036
2.4,20.430000000000007,23.340000000000032,27.960000000000036
2.405,20.420000000000016,23.33000000000004,27.950000000000045
2.41,20.420000000000016,23.32000000000005,27.950000000000045
2.415,20.410000000000025,23.310000000000002,27.950000000000045
2.42,20.410000000000025,23.30000000000001,27.939999999999998
2.425,20.410000000000025,23.29000000000002,27.939999999999998
2.43,20.400000000000034,23.28000000000003,27.930000000000007
2.435,20.400000000000034,23.27000000000004,27.930000000000007
2.44,20.390000000000043,23.260000000000048,27.930000000000007
2.445,20.390000000000043,23.25,27.920000000000016
2.45,20.390000000000043,23.24000000000001,27.920000000000016
2.455,20.379999999999995,23.230000000000018,27.910000000000025
2.46,20.379999999999995,23.220000000000027,27.910000000000025
2.465,20.379999999999995,23.210000000000036,27.900000000000034
2.47,20.370000000000005,23.200000000000045,27.900000000000034
2.475,20.370000000000005,23.189999999999998,27.900000000000034
2.48,20.360000000000014,23.180000000000007,27.890000000000043
2.485,20.360000000000014,23.170000000000016,27.890000000000043
2.49,20.360000000000014,23.160000000000025,27.879999999999995
2.495,20.350000000000023,23.150000000000034,27.879999999999995
2.5,20.350000000000023,23.140000000000043,27.870000000000005
2.505,20.350000000000023,23.129999999999995,27.870000000000005
2.51,20.340000000000032,23.120000000000005,27.870000000000005
2.515,20.340000000000032,23.110000000000014,27.860000000000014
2.52,20.340000000000032,23.100000000000023,27.860000000000014
2.525,20.33000000000004,23.090000000000032,27.850000000000023
2.53,20.33000000000004,23.08000000000004,27.850000000000023
2.535,20.33000000000004,23.07000000000005,27.850000000000023
2.54,20.32000000000005,23.060000000000002,27.840000000000032
2.545,20.32000000000005,23.05000000000001,27.840000000000032
2.55,20.32000000000005,23.05000000000001,27.83000000000004
2.555,20.310000000000002,23.04000000000002,27.83000000000004
2.56,20.310000000000002,23.03000000000003,27.82000000000005
2.565,20.310000000000002,23.02000000000004,27.82000000000005
2.57,20.310000000000002,23.010000000000048,27.82000000000005
2.575,20.30000000000001,23.0,27.810000000000002
2.58,20.30000000000001,22.99000000000001,27.810000000000002
2.585,20.30000000000001,22.980000000000018,27.80000000000001
2.59,20.29000000000002,22.970000000000027,27.80000000000001
2.595,20.29000000000002,22.960000000000036,27.80000000000001
2.6,20.29000000000002,22.950000000000045,27.79000000000002
2.605,20.29000000000002,22.939999999999998,27.79000000000002
2.61,20.28000000000003,22.930000000000007,27.78000000000003
2.615,20.28000000000003,22.920000000000016,27.78000000000003
2.62,20.28000000000003,22.910000000000025,27.77000000000004
2.625,20.27000000000004,22.910000000000025,27.77000000000004
2.63,20.27000000000004,22.900000000000034,27.77000000000004
2.635,20.27000000000004,22.890000000000043,27.760000000000048
2.64,20.27000000000004,22.879999999999995,27.760000000000048
2.645,20.260000000000048,22.870000000000005,27.75
2.65,20.260000000000048,22.860000000000014,27.75
2.655,20.260000000000048,22.850000000000023,27.75
2.66,20.260000000000048,22.840000000000032,27.74000000000001
2.665,20.25,22.83000000000004,27.74000000000001
2.67,20.25,22.82000000000005,27.730000000000018
2.675,20.25,22.810000000000002,27.730000000000018
2.68,20.25,22.810000000000002,27.720000000000027
2.685,20.24000000000001,22.80000000000001,27.720000000000027
2.69,20.24000000000001,22.79000000000002,27.720000000000027
2.695,20.24000000000001,22.78000000000003,27.710000000000036
2.7,20.24000000000001,22.77000000000004,27.710000000000036
2.705,20.230000000000018,22.760000000000048,27.700000000000045
2.71,20.230000000000018,22.75,27.700000000000045
2.715,20.230000000000018,22.74000000000001,27.700000000000045
2.72,20.230000000000018,22.730000000000018,27.689999999999998
2.725,20.220000000000027,22.730000000000018,27.689999999999998
2.73,20.220000000000027,22.720000000000027,27.680000000000007
2.735,20.220000000000027,22.710000000000036,27.680000000000007
2.74,20.220000000000027,22.700000000000045,27.670000000000016
2.745,20.210000000000036,22.689999999999998,27.670000000000016
2.75,20.210000000000036,22.680000000000007,27.670000000000016
2.755,20.210000000000036,22.670000000000016,27.660000000000025
2.76,20.210000000000036,22.660000000000025,27.660000000000025
2.765,20.210000000000036,22.660000000000025,27.650000000000034
2.77,20.200000000000045,22.650000000000034,27.650000000000034
2.775,20.200000000000045,22.640000000000043,27.650000000000034
2.78,20.200000000000045,22.629999999999995,27.640000000000043
2.785,20.200000000000045,22.620000000000005,27.640000000000043
2.79,20.200000000000045,22.610000000000014,27.629999999999995
2.795,20.189999999999998,22.600000000000023,27.629999999999995
2.8,20.189999999999998,22.600000000000023,27.629999999999995
2.805,20.189999999999998,22.590000000000032,27.620000000000005
2.81,20.189999999999998,22.58000000000004,27.620000000000005
2.815,20.189999999999998,22.57000000000005,27.610000000000014
2.82,20.180000000000007,22.560000000000002,27.610000000000014
2.825,20.180000000000007,22.55000000000001,27.600000000000023
2.83,20.180000000000007,22.55000000000001,27.600000000000023
2.835,20.180000000000007,22.54000000000002,27.600000000000023
2.84,20.180000000000007,22.53000000000003,27.590000000000032
2.845,20.170000000000016,22.52000000000004,27.590000000000032
2.85,20.170000000000016,22.510000000000048,27.58000000000004
2.855,20.170000000000016,22.5,27.58000000000004
2.86,20.170000000000016,22.5,27.58000000000004
2.865,20.170000000000016,22.49000000000001,27.57000000000005
2.87,20.170000000000016,22.480000000000018,27.57000000000005
2.875,20.160000000000025,22.470000000000027,27.560000000000002
2.88,20.160000000000025,22.460000000000036,27.560000000000002
2.885,20.160000000000025,22.450000000000045,27.560000000000002
2.89,20.160000000000025,22.450000000000045,27.55000000000001
2.895,20.160000000000025,22.439999999999998,27.55000000000001
2.9,20.160000000000025,22.430000000000007,27.54000000000002
2.905,20.150000000000034,22.420000000000016,27.54000000000002
2.91,20.150000000000034,22.410000000000025,27.53000000000003
2.915,20.150000000000034,22.410000000000025,27.53000000000003
2.92,20.150000000000034,22.400000000000034,27.53000000000003
2.925,20.150000000000034,22.390000000000043,27.52000000000004
2.93,20.150000000000034,22.379999999999995,27.52000000000004
2.935,20.140000000000043,22.370000000000005,27.510000000000048
2.94,20.140000000000043,22.370000000000005,27.510000000000048
2.945,20.140000000000043,22.360000000000014,27.510000000000048
2.95,20.140000000000043,22.350000000000023,27.5
2.955,20.140000000000043,22.340000000000032,27.5
2.96,20.140000000000043,22.33000000000004,27.49000000000001
2.965,20.140000000000043,22.33000000000004,27.49000000000001
2.97,20.129999999999995,22.32000000000005,27.49000000000001
2.975,20.129999999999995,22.310000000000002,27.480000000000018
2.98,20.129999999999995,22.30000000000001,27.480000000000018
2.985,20.129999999999995,22.29000000000002,27.470000000000027
2.99,20.129999999999995,22.29000000000002,27.470000000000027
2.995,20.129999999999995,22.28000000000003,27.470000000000027
3.0,20.129999999999995,22.27000000000004,27.460000000000036
3.005,20.120000000000005,22.260000000000048,27.460000000000036
3.01,20.120000000000005,22.260000000000048,27.450000000000045
3.015,20.120000000000005,22.25,27.450000000000045
3.02,20.120000000000005,22.24000000000001,27.439999999999998
3.025,20.120000000000005,22.230000000000018,27.439999999999998
3.03,20.120000000000005,22.230000000000018,27.439999999999998
3.035,20.120000000000005,22.220000000000027,27.430000000000007
3.04,20.110000000000014,22.210000000000036,27.430000000000007
3.045,20.110000000000014,22.200000000000045,27.420000000000016
3.05,20.110000000000014,22.200000000000045,27.420000000000016
3.055,20.110000000000014,22.189999999999998,27.420000000000016
3.06,20.110000000000014,22.180000000000007,27.410000000000025
3.065,20.110000000000014,22.170000000000016,27.410000000000025
3.07,20.110000000000014,22.160000000000025,27.400000000000034
3.075,20.110000000000014,22.160000000000025,27.400000000000034
3.08,20.110000000000014,22.150000000000034,27.400000000000034
3.085,20.100000000000023,22.140000000000043,27.390000000000043
3.09,20.100000000000023,22.140000000000043,27.390000000000043
3.095,20.100000000000023,22.129999999999995,27.379999999999995
3.1,20.100000000000023,22.120000000000005,27.379999999999995
3.105,20.100000000000023,22.110000000000014,27.379999999999995
3.11,20.100000000000023,22.110000000000014,27.370000000000005
3.115,20.100000000000023,22.100000000000023,27.370000000000005
3.12,20.100000000000023,22.090000000000032,27.360000000000014
3.125,20.100000000000023,22.08000000000004,27.360000000000014
3.13,20.090000000000032,22.08000000000004,27.360000000000014
3.135,20.090000000000032,22.07000000000005,27.350000000000023
3.14,20.090000000000032,22.060000000000002,27.350000000000023
3.145,20.090000000000032,22.060000000000002,27.340000000000032
3.15,20.090000000000032,22.05000000000001,27.340000000000032
3.155,20.090000000000032,22.04000000000002,27.33000000000004
3.16,20.090000000000032,22.03000000000003,27.33000000000004
3.165,20.090000000000032,22.03000000000003,27.33000000000004
3.17,20.090000000000032,22.02000000000004,27.32000000000005
3.175,20.090000000000032,22.010000000000048,27.32000000000005
3.18,20.08000000000004,22.010000000000048,27.310000000000002
3.185,20.08000000000004,22.0,27.310000000000002
3.19,20.08000000000004,21.99000000000001,27.310000000000002
3.195,20.08000000000004,21.980000000000018,27.30000000000001
3.2,20.08000000000004,21.980000000000018,27.30000000000001
3.205,20.08000000000004,21.970000000000027,27.29000000000002
3.21,20.08000000000004,21.960000000000036,27.29000000000002
3.215,20.08000000000004,21.960000000000036,27.29000000000002
3.22,20.08000000000004,21.950000000000045,27.28000000000003
3.225,20.08000000000004,21.939999999999998,27.28000000000003
3.23,20.08000000000004,21.939999999999998,27.27000000000004
3.235,20.07000000000005,21.930000000000007,27.27000000000004
3.24,20.07000000000005,21.920000000000016,27.27000000000004
3.245,20.07000000000005,21.920000000000016,27.260000000000048
3.25,20.07000000000005,21.910000000000025,27.260000000000048
3.255,20.07000000000005,21.900000000000034,27.25
3.26,20.07000000000005,21.890000000000043,27.25
3.265,20.07000000000005,21.890000000000043,27.25
3.27,20.07000000000005,21.879999999999995,27.24000000000001
3.275,20.07000000000005,21.870000000000005,27.24000000000001
3.28,20.07000000000005,21.870000000000005,27.230000000000018
3.285,20.07000000000005,21.860000000000014,27.230000000000018
3.29,20.07000000000005,21.850000000000023,27.230000000000018
3.295,20.07000000000005,21.850000000000023,27.220000000000027
3.3,20.060000000000002,21.840000000000032,27.220000000000027
3.305,20.060000000000002,21.83000000000004,27.210000000000036
3.31,20.060000000000002,21.83000000000004,27.210000000000036
3.315,20.060000000000002,21.82000000000005,27.210000000000036
3.32,20.060000000000002,21.810000000000002,27.200000000000045
3.325,20.060000000000002,21.810000000000002,27.200000000000045
3.33,20.060000000000002,21.80000000000001,27.189999999999998
3.335,20.060000000000002,21.80000000000001,27.189999999999998
3.34,20.060000000000002,21.79000000000002,27.189999999999998
3.345,20.060000000000002,21.78000000000003,27.180000000000007
3.35,20.060000000000002,21.78000000000003,27.180000000000007
3.355,20.060000000000002,21.77000000000004,27.170000000000016
3.36,20.060000000000002,21.760000000000048,27.170000000000016
3.365,20.060000000000002,21.760000000000048,27.170000000000016
3.37,20.05000000000001,21.75,27.160000000000025
3.375,20.05000000000001,21.74000000000001,27.160000000000025
3.38,20.05000000000001,21.74000000000001,27.150000000000034
3.385,20.05000000000001,21.730000000000018,27.150000000000034
3.39,20.05000000000001,21.720000000000027,27.150000000000034
3.395,20.05000000000001,21.720000000000027,27.140000000000043
3.4,20.05000000000001,21.710000000000036,27.140000000000043
3.405,20.05000000000001,21.710000000000036,27.129999999999995
3.41,20.05000000000001,21.700000000000045,27.129999999999995
3.415,20.05000000000001,21.689999999999998,27.129999999999995
3.42,20.05000000000001,21.689999999999998,27.120000000000005
3.425,20.05000000000001,21.680000000000007,27.120000000000005
3.43,20.05000000000001,21.680000000000007,27.110000000000014
3.435,20.05000000000001,21.670000000000016,27.110000000000014
3.44,20.05000000000001,21.660000000000025,27.110000000000014
3.445,20.05000000000001,21.660000000000025,27.100000000000023
3.45,20.05000000000001,21.650000000000034,27.100000000000023
3.455,20.05000000000001,21.640000000000043,27.090000000000032
3.46,20.04000000000002,21.640000000000043,27.090000000000032
3.465,20.04000000000002,21.629999999999995,27.090000000000032
3.47,20.04000000000002,21.629999999999995,27.08000000000004
3.475,20.04000000000002,21.620000000000005,27.08000000000004
3.48,20.04000000000002,21.610000000000014,27.07000000000005
3.485,20.04000000000002,21.610000000000014,27.07000000000005
3.49,20.04000000000002,21.600000000000023,27.07000000000005
3.495,20.04000000000002,21.600000000000023,27.060000000000002
3.5,20.04000000000002,21.590000000000032,27.060000000000002
3.505,20.04000000000002,21.58000000000004,27.05000000000001
3.51,20.04000000000002,21.58000000000004,27.05000000000001
3.515,20.04000000000002,21.57000000000005,27.05000000000001
3.52,20.04000000000002,21.57000000000005,27.04000000000002
3.525,20.04000000000002,21.560000000000002,27.04000000000002
3.53,20.04000000000002,21.560000000000002,27.03000000000003
3.535,20.04000000000002,21.55000000000001,27.03000000000003
3.54,20.04000000000002,21.54000000000002,27.03000000000003
3.545,20.04000000000002,21.54000000000002,27.02000000000004
3.55,20.04000000000002,21.53000000000003,27.02000000000004
3.555,20.04000000000002,21.53000000000003,27.02000000000004
3.56,20.04000000000002,21.52000000000004,27.010000000000048
3.565,20.03000000000003,21.510000000000048,27.010000000000048
3.57,20.03000000000003,21.510000000000048,27.0
3.575,20.03000000000003,21.5,27.0
3.58,20.03000000000003,21.5,27.0
3.585,20.03000000000003,21.49000000000001,26.99000000000001
3.59,20.03000000000003,21.49000000000001,26.99000000000001
3.595,20.03000000000003,21.480000000000018,26.980000000000018
3.6,20.03000000000003,21.480000000000018,26.980000000000018
3.605,20.03000000000003,21.470000000000027,26.980000000000018
3.61,20.03000000000003,21.460000000000036,26.970000000000027
3.615,20.03000000000003,21.460000000000036,26.970000000000027
3.62,20.03000000000003,21.450000000000045,26.960000000000036
3.625,20.03000000000003,21.450000000000045,26.960000000000036
3.63,20.03000000000003,21.439999999999998,26.960000000000036
3.635,20.03000000000003,21.439999999999998,26.950000000000045
3.64,20.03000000000003,21.430000000000007,26.950000000000045
3.645,20.03000000000003,21.430000000000007,26.939999999999998
3.65,20.03000000000003,21.420000000000016,26.939999999999998
3.655,20.03000000000003,21.410000000000025,26.939999999999998
3.66,20.03000000000003,21.410000000000025,26.930000000000007
3.665,20.03000000000003,21.400000000000034,26.930000000000007
3.67,20.03000000000003,21.400000000000034,26.920000000000016
3.675,20.03000000000003,21.390000000000043,26.920000000000016
3.68,20.03000000000003,21.390000000000043,26.920000000000016
3.685,20.03000000000003,21.379999999999995,26.910000000000025
3.69,20.03000000000003,21.379999999999995,26.910000000000025
3.695,20.03000000000003,21.370000000000005,26.910000000000025
3.7,20.03000000000003,21.370000000000005,26.900000000000034
3.705,20.02000000000004,21.360000000000014,26.900000000000034
3.71,20.02000000000004,21.360000000000014,26.890000000000043
3.715,20.02000000000004,21.350000000000023,26.890000000000043
3.72,20.02000000000004,21.350000000000023,26.890000000000043
3.725,20.02000000000004,21.340000000000032,26.879999999999995
3.73,20.02000000000004,21.340000000000032,26.879999999999995
3.735,20.02000000000004,21.33000000000004,26.870000000000005
3.74,20.02000000000004,21.33000000000004,26.870000000000005
3.745,20.02000000000004,21.32000000000005,26.870000000000005
3.75,20.02000000000004,21.310000000000002,26.860000000000014
3.755,20.02000000000004,21.310000000000002,26.860000000000014
3.76,20.02000000000004,21.30000000000001,26.850000000000023
3.765,20.02000000000004,21.30000000000001,26.850000000000023
3.77,20.02000000000004,21.29000000000002,26.850000000000023
3.775,20.02000000000004,21.29000000000002,26.840000000000032
3.78,20.02000000000004,21.28000000000003,26.840000000000032
3.785,20.02000000000004,21.28000000000003,26.840000000000032
3.79,20.02000000000004,21.27000000000004,26.83000000000004
3.795,20.02000000000004,21.27000000000004,26.83000000000004
3.8,20.02000000000004,21.260000000000048,26.82000000000005
3.805,20.02000000000004,21.260000000000048,26.82000000000005
3.81,20.02000000000004,21.25,26.82000000000005
3.815,20.02000000000004,21.25,26.810000000000002
3.82,20.02000000000004,21.24000000000001,26.810000000000002
3.825,20.02000000000004,21.24000000000001,26.80000000000001
3.83,20.02000000000004,21.24000000000001,26.80000000000001
3.835,20.02000000000004,21.230000000000018,26.80000000000001
3.84,20.02000000000004,21.230000000000018,26.79000000000002
3.845,20.02000000000004,21.220000000000027,26.79000000000002
3.85,20.02000000000004,21.220000000000027,26.78000000000003
3.855,20.02000000000004,21.210000000000036,26.78000000000003
3.86,20.02000000000004,21.210000000000036,26.78000000000003
3.865,20.02000000000004,21.200000000000045,26.77000000000004
3.87,20.02000000000004,21.200000000000045,26.77000000000004
3.875,20.02000000000004,21.189999999999998,26.77000000000004
3.88,20.02000000000004,21.189999999999998,26.760000000000048
3.885,20.02000000000004,21.180000000000007,26.760000000000048
3.89,20.02000000000004,21.180000000000007,26.75
3.895,20.02000000000004,21.170000000000016,26.75
3.9,20.02000000000004,21.170000000000016,26.75
3.905,20.02000000000004,21.160000000000025,26.74000000000001
3.91,20.02000000000004,21.160000000000025,26.74000000000001
3.915,20.010000000000048,21.150000000000034,26.730000000000018
3.92,20.010000000000048,21.150000000000034,26.730000000000018
3.925,20.010000000000048,21.150000000000034,26.730000000000018
3.93,20.010000000000048,21.140000000000043,26.720000000000027
3.935,20.010000000000048,21.140000000000043,26.720000000000027
3.94,20.010000000000048,21.129999999999995,26.720000000000027
3.945,20.010000000000048,21.129999999999995,26.710000000000036
3.95,20.010000000000048,21.120000000000005,26.710000000000036
3.955,20.010000000000048,21.120000000000005,26.700000000000045
3.96,20.010000000000048,21.110000000000014,26.700000000000045
3.965,20.010000000000048,21.110000000000014,26.700000000000045
3.97,20.010000000000048,21.100000000000023,26.689999999999998
3.975,20.010000000000048,21.100000000000023,26.689999999999998
3.98,20.010000000000048,21.100000000000023,26.689999999999998
3.985,20.010000000000048,21.090000000000032,26.680000000000007
3.99,20.010000000000048,21.090000000000032,26.680000000000007
3.995,20.010000000000048,21.08000000000004,26.670000000000016
4.0,20.010000000000048,21.08000000000004,26.670000000000016
4.005,20.010000000000048,21.07000000000005,26.670000000000016
4.01,20.010000000000048,21.07000000000005,26.660000000000025
4.015,20.010000000000048,21.07000000000005,26.660000000000025
4.02,20.010000000000048,21.060000000000002,26.650000000000034
4.025,20.010000000000048,21.060000000000002,26.650000000000034
4.03,20.010000000000048,21.05000000000001,26.650000000000034
4.035,20.010000000000048,21.05000000000001,26.640000000000043
4.04,20.010000000000048,21.04000000000002,26.640000000000043
4.045,20.010000000000048,21.04000000000002,26.640000000000043
4.05,20.010000000000048,21.04000000000002,26.629999999999995
4.055,20.010000000000048,21.03000000000003,26.629999999999995
4.06,20.010000000000048,21.03000000000003,26.620000000000005
4.065,20.010000000000048,21.02000000000004,26.620000000000005
4.07,20.010000000000048,21.02000000000004,26.620000000000005
4.075,20.010000000000048,21.010000000000048,26.610000000000014
4.08,20.010000000000048,21.010000000000048,26.610000000000014
4.085,20.010000000000048,21.010000000000048,26.610000000000014
4.09,20.010000000000048,21.0,26.600000000000023
4.095,20.010000000000048,21.0,26.600000000000023
4.1,20.010000000000048,20.99000000000001,26.590000000000032
4.105,20.010000000000048,20.99000000000001,26.590000000000032
4.11,20.010000000000048,20.99000000000001,26.590000000000032
4.115,20.010000000000048,20.980000000000018,26.58000000000004
4.12,20.010000000000048,20.980000000000018,26.58000000000004
4.125,20.010000000000048,20.970000000000027,26.57000000000005
4.13,20.010000000000048,20.970000000000027,26.57000000000005
4.135,20.010000000000048,20.970000000000027,26.57000000000005
4.14,20.010000000000048,20.960000000000036,26.560000000000002
4.145,20.010000000000048,20.960000000000036,26.560000000000002
4.15,20.010000000000048,20.950000000000045,26.560000000000002
4.155,20.010000000000048,20.950000000000045,26.55000000000001
4.16,20.010000000000048,20.950000000000045,26.55000000000001
4.165,20.010000000000048,20.939999999999998,26.54000000000002
4.17,20.010000000000048,20.939999999999998,26.54000000000002
4.175,20.010000000000048,20.930000000000007,26.54000000000002
4.18,20.010000000000048,20.930000000000007,26.53000000000003
4.185,20.010000000000048,20.930000000000007,26.53000000000003
4.19,20.010000000000048,20.920000000000016,26.53000000000003
4.195,20.010000000000048,20.920000000000016,26.52000000000004
4.2,20.010000000000048,20.910000000000025,26.52000000000004
4.205,20.010000000000048,20.910000000000025,26.510000000000048
4.21,20.010000000000048,20.910000000000025,26.510000000000048
4.215,20.010000000000048,20.900000000000034,26.510000000000048
4.22,20.010000000000048,20.900000000000034,26.5
4.225,20.010000000000048,20.900000000000034,26.5
4.23,20.010000000000048,20.890000000000043,26.5
4.235,20.010000000000048,20.890000000000043,26.49000000000001
4.24,20.010000000000048,20.879999999999995,26.49000000000001
4.245,20.010000000000048,20.879999999999995,26.480000000000018
4.25,20.010000000000048,20.879999999999995,26.480000000000018
4.255,20.010000000000048,20.870000000000005,26.480000000000018
4.26,20.010000000000048,20.870000000000005,26.470000000000027
4.265,20.010000000000048,20.870000000000005,26.470000000000027
4.27,20.010000000000048,20.860000000000014,26.470000000000027
4.275,20.010000000000048,20.860000000000014,26.460000000000036
4.28,20.010000000000048,20.850000000000023,26.460000000000036
4.285,20.010000000000048,20.850000000000023,26.450000000000045
4.29,20.010000000000048,20.850000000000023,26.450000000000045
4.295,20.010000000000048,20.840000000000032,26.450000000000045
4.3,20.010000000000048,20.840000000000032,26.439999999999998
4.305,20.010000000000048,20.840000000000032,26.439999999999998
4.31,20.010000000000048,20.83000000000004,26.439999999999998
4.315,20.010000000000048,20.83000000000004,26.430000000000007
4.32,20.010000000000048,20.83000000000004,26.430000000000007
4.325,20.010000000000048,20.82000000000005,26.420000000000016
4.33,20.010000000000048,20.82000000000005,26.420000000000016
4.335,20.010000000000048,20.82000000000005,26.420000000000016
4.34,20.010000000000048,20.810000000000002,26.410000000000025
4.345,20.0,20.810000000000002,26.410000000000025
4.35,20.0,20.810000000000002,26.410000000000025
4.355,20.0,20.80000000000001,26.400000000000034
4.36,20.0,20.80000000000001,26.400000000000034
4.365,20.0,20.80000000000001,26.400000000000034
4.37,20.0,20.79000000000002,26.390000000000043
4.375,20.0,20.79000000000002,26.390000000000043
4.38,20.0,20.78000000000003,26.379999999999995
4.385,20.0,20.78000000000003,26.379999999999995
4.39,20.0,20.78000000000003,26.379999999999995
4.395,20.0,20.77000000000004,26.370000000000005
4.4,20.0,20.77000000000004,26.370000000000005
4.405,20.0,20.77000000000004,26.370000000000005
4.41,20.0,20.760000000000048,26.360000000000014
4.415,20.0,20.760000000000048,26.360000000000014
4.42,20.0,20.760000000000048,26.350000000000023
4.425,20.0,20.75,26.350000000000023
4.43,20.0,20.75,26.350000000000023
4.435,20.0,20.75,26.340000000000032
4.44,20.0,20.75,26.340000000000032
4.445,20.0,20.74000000000001,26.340000000000032
4.45,20.0,20.74000000000001,26.33000000000004
4.455,20.0,20.74000000000001,26.33000000000004
4.46,20.0,20.730000000000018,26.33000000000004
4.465,20.0,20.730000000000018,26.32000000000005
4.47,20.0,20.730000000000018,26.32000000000005
4.475,20.0,20.720000000000027,26.310000000000002
4.48,20.0,20.720000000000027,26.310000000000002
4.485,20.0,20.720000000000027,26.310000000000002
4.49,20.0,20.710000000000036,26.30000000000001
4.495,20.0,20.710000000000036,26.30000000000001
4.5,20.0,20.710000000000036,26.30000000000001
4.505,20.0,20.700000000000045,26.29000000000002
4.51,20.0,20.700000000000045,26.29000000000002
4.515,20.0,20.700000000000045,26.28000000000003
4.52,20.0,20.689999999999998,26.28000000000003
4.525,20.0,20.689999999999998,26.28000000000003
4.53,20.0,20.689999999999998,26.27000000000004
4.535,20.0,20.689999999999998,26.27000000000004
4.54,20.0,20.680000000000007,26.27000000000004
4.545,20.0,20.680000000000007,26.260000000000048
4.55,20.0,20.680000000000007,26.260000000000048
4.555,20.0,20.670000000000016,26.260000000000048
4.56,20.0,20.670000000000016,26.25
4.565,20.0,20.670000000000016,26.25
4.57,20.0,20.660000000000025,26.24000000000001
4.575,20.0,20.660000000000025,26.24000000000001
4.58,20.0,20.660000000000025,26.24000000000001
4.585,20.0,20.660000000000025,26.230000000000018
4.59,20.0,20.650000000000034,26.230000000000018
4.595,20.0,20.650000000000034,26.230000000000018
4.6,20.0,20.650000000000034,26.220000000000027
4.605,20.0,20.640000000000043,26.220000000000027
4.61,20.0,20.640000000000043,26.220000000000027
4.615,20.0,20.640000000000043,26.210000000000036
4.62,20.0,20.640000000000043,26.210000000000036
4.625,20.0,20.629999999999995,26.200000000000045
4.63,20.0,20.629999999999995,26.200000000000045
4.635,20.0,20.629999999999995,26.200000000000045
4.64,20.0,20.620000000000005,26.189999999999998
4.645,20.0,20.620000000000005,26.189999999999998
4.65,20.0,20.620000000000005,26.189999999999998
4.655,20.0,20.620000000000005,26.180000000000007
4.66,20.0,20.610000000000014,26.180000000000007
4.665,20.0,20.610000000000014,26.180000000000007
4.67,20.0,20.610000000000014,26.170000000000016
4.675,20.0,20.610000000000014,26.170000000000016
4.68,20.0,20.600000000000023,26.170000000000016
4.685,20.0,20.600000000000023,26.160000000000025
4.69,20.0,20.600000000000023,26.160000000000025
4.695,20.0,20.590000000000032,26.150000000000034
4.7,20.0,20.590000000000032,26.150000000000034
4.705,20.0,20.590000000000032,26.150000000000034
4.71,20.0,20.590000000000032,26.140000000000043
4.715,20.0,20.58000000000004,26.140000000000043
4.72,20.0,20.58000000000004,26.140000000000043
4.725,20.0,20.58000000000004,26.129999999999995
4.73,20.0,20.58000000000004,26.129999999999995
4.735,20.0,20.57000000000005,26.129999999999995
4.74,20.0,20.57000000000005,26.120000000000005
4.745,20.0,20.57000000000005,26.120000000000005
4.75,20.0,20.57000000000005,26.110000000000014
4.755,20.0,20.560000000000002,26.110000000000014
4.76,20.0,20.560000000000002,26.110000000000014
4.765,20.0,20.560000000000002,26.100000000000023
4.77,20.0,20.560000000000002,26.100000000000023
4.775,20.0,20.55000000000001,26.100000000000023
4.78,20.0,20.55000000000001,26.090000000000032
4.785,20.0,20.55000000000001,26.090000000000032
4.79,20.0,20.55000000000001,26.090000000000032
4.795,20.0,20.54000000000002,26.08000000000004
4.8,20.0,20.54000000000002,26.08000000000004
4.805,20.0,20.54000000000002,26.08000000000004
4.81,20.0,20.54000000000002,26.07000000000005
4.815,20.0,20.53000000000003,26.07000000000005
4.82,20.0,20.53000000000003,26.07000000000005
4.825,20.0,20.53000000000003,26.060000000000002
4.83,20.0,20.53000000000003,26.060000000000002
4.835,20.0,20.52000000000004,26.05000000000001
4.84,20.0,20.52000000000004,26.05000000000001
4.845,20.0,20.52000000000004,26.05000000000001
4.85,20.0,20.52000000000004,26.04000000000002
4.855,20.0,20.510000000000048,26.04000000000002
4.86,20.0,20.510000000000048,26.04000000000002
4.865,20.0,20.510000000000048,26.03000000000003
4.87,20.0,20.510000000000048,26.03000000000003
4.875,20.0,20.5,26.03000000000003
4.88,20.0,20.5,26.02000000000004
4.885,20.0,20.5,26.02000000000004
4.89,20.0,20.5,26.02000000000004
4.895,20.0,20.5,26.010000000000048
4.9,20.0,20.49000000000001,26.010000000000048
4.905,20.0,20.49000000000001,26.010000000000048
4.91,20.0,20.49000000000001,26.0
4.915,20.0,20.49000000000001,26.0
4.92,20.0,20.480000000000018,25.99000000000001
4.925,20.0,20.480000000000018,25.99000000000001
4.93,20.0,20.480000000000018,25.99000000000001
4.935,20.0,20.480000000000018,25.980000000000018
4.94,20.0,20.470000000000027,25.980000000000018
4.945,20.0,20.470000000000027,25.980000000000018
4.95,20.0,20.470000000000027,25.970000000000027
4.955,20.0,20.470000000000027,25.970000000000027
4.96,20.0,20.470000000000027,25.970000000000027
4.965,20.0,20.460000000000036,25.960000000000036
4.97,20.0,20.460000000000036,25.960000000000036
4.975,20.0,20.460000000000036,25.960000000000036
4.98,20.0,20.460000000000036,25.950000000000045
4.985,20.0,20.460000000000036,25.950000000000045
4.99,20.0,20.450000000000045,25.950000000000045
4.995,20.0,20.450000000000045,25.939999999999998
5.0,20.0,20.450000000000045,25.939999999999998
